file,name,x,y,z,aRadius,bRadius,cRadius,theta_x,theta_y,theta_z,isTrash
t000.tif,cell_0,387.186,154.371,108.457,48.4603,47.6712,39.3455,-0.17896,0.014167,1.60104,0
t000.tif,cell_1,189.551,250.803,110.083,50.1783,46.8724,41.7182,0.224634,0.140892,1.07764,0
t000.tif,cell_2,380.142,365.185,104.217,46.152,42.5365,37.0079,0.282557,-0.124465,0.857061,0
t000.tif,cell_3,560.5,267.887,119.549,43.4416,40.3869,36.8752,-0.136648,0.144354,-0.820376,0
t000.tif,trash_1,161.865,342.595,35.6895,14.0323,12.188,10.1337,1.2313,1.16244,0.38522,1
t000.tif,trash_2,337.682,117.086,136.591,25.2686,17.1369,14.0381,-0.368864,0.74435,0.61245,1
t001.tif,cell_0,394.753,164.229,104.992,48.4933,47.869,41.5271,-0.287352,-0.064765,1.60853,0
t001.tif,cell_1,190.955,226.607,111.161,52.664,49.7133,42.9562,0.102684,0.180968,1.59202,0
t001.tif,cell_2,363.858,383.059,110.655,47.4257,44.8981,39.1532,0.314391,-0.0281352,0.403292,0
t001.tif,cell_3,555.207,253.241,119.5,43.746,40.7416,37.4406,-0.4906,0.110629,-0.878078,0
t001.tif,trash_1,161.865,342.595,35.6895,13.2127,12.5363,10.2093,1.56215,0.0272492,0.581005,1
t001.tif,trash_2,342.261,129.908,134.704,28.2027,18.5569,15.6682,1.71597,0.529565,0.732461,1
t002.tif,cell_0,396.686,176.075,113.731,45.934,42.5141,25.7427,-0.0819927,0.142061,2.0888,0
t002.tif,cell_1,199.869,233.514,109.764,49.866,43.0406,27.6852,0.0217791,0.0929092,0.442518,0
t002.tif,cell_2,346.823,386.899,112.967,50.36,47.4613,42.4981,0.00621212,-0.0520958,0.162682,0
t002.tif,cell_3,550.226,251.133,117.577,46.7978,43.0125,39.5671,-0.264639,0.145406,-1.09297,0
t002.tif,trash_1,161.865,342.595,35.6895,13.1671,12.9262,10.5536,1.49573,0.96464,0.737227,1
t002.tif,trash_2,343.71,140.122,142.773,16.8918,13.2923,9.38435,-1.47567,1.46992,-2.48449,1
t003.tif,cell_0,388.146,197.939,102.321,35.9797,32.5756,24.3123,-0.0036246,0.00241664,1.94185,0
t003.tif,cell_1,207.996,233.31,102.192,40.0341,39.0051,24.7442,0.144468,0.175872,0.0379822,0
t003.tif,cell_2,362.373,385.803,112.705,50.4498,47.4533,39.1543,0.0681074,0.0350987,-0.342835,0
t003.tif,cell_3,553.612,246.272,113.577,48.0727,43.458,39.1175,-0.150853,0.0967821,-0.924342,0
t003.tif,trash_1,161.865,342.595,35.6895,14.051,12.335,10.3264,-1.83077,0.922526,-2.80839,1
t003.tif,trash_2,350.238,155.394,140.908,19.458,13.8373,10.81,1.17754,0.788129,0.747601,1
t004.tif,cell_2,382.788,388.307,118.299,52.75,49.9137,42.4035,-0.231969,0.101264,-0.824966,0
t004.tif,cell_3,536.246,237.497,98.2386,48.4703,44.7135,37.0927,-0.053312,0.117221,-0.591683,0
t004.tif,trash_1,160.664,340.265,38.2455,16.1512,12.9591,10.9472,-1.8353,1.16092,-2.40327,1
t004.tif,trash_2,350.776,160.467,143.309,17.0294,12.313,10.7291,-1.85869,1.48644,-2.66003,1
t004.tif,cell_10,197.44,247.563,86.1299,24.8106,21.4741,17.2622,0.384442,-0.255716,1.28108,0
t004.tif,cell_11,213.278,230.265,128.614,24.6403,21.7746,18.9096,1.13508,0.864155,0.629068,0
t004.tif,cell_00,378.166,196.698,83.1966,23.2603,21.9624,17.3688,0.159195,-0.257697,2.94227,0
t004.tif,cell_01,393.828,186.698,124.181,21.5024,19.9317,18.1599,-0.875611,0.618448,1.1336,0
t005.tif,cell_2,378.473,365.138,132.812,53.5515,41.0822,39.8743,1.28434,0.00578989,-1.52195,0
t005.tif,cell_3,535.858,284.019,103.15,48.619,46.3176,41.0942,0.230033,-0.159834,-0.450129,0
t005.tif,trash_1,160.605,342.896,36.0921,15.8198,12.638,11.7985,2.15823,1.18539,1.02724,1
t005.tif,trash_2,350.058,148.823,132.944,16.0729,14.4425,11.1071,-2.37885,0.379137,-2.94101,1
t005.tif,cell_10,181.2,260.395,90.2948,31.1699,27.8244,18.4088,0.882327,-0.108624,0.925037,0
t005.tif,cell_11,209.923,197.612,129.475,31.5539,28.8884,18.2477,1.03599,-0.279247,0.702983,0
t005.tif,cell_00,386.938,209.949,72.1511,30.5243,26.2639,17.9511,-0.42789,0.180646,-1.97076,0
t005.tif,cell_01,415.24,172.853,123.317,29.6686,24.6873,22.0537,-2.32492,-0.181076,1.19111,0
t006.tif,cell_2,377.828,336.629,138.919,38.9643,34.4079,16.6259,1.58852,0.404164,-1.26404,0
t006.tif,cell_3,533.806,300.845,117.836,48.6897,43.2443,39.8519,0.158215,0.150279,-0.708917,0
t006.tif,trash_1,159.763,341.545,38.5502,14.1888,13.2876,11.2602,1.83284,1.21439,1.0469,1
t006.tif,trash_2,351.392,147.842,118.054,10.8323,10.4949,6.01795,2.87128,-0.152561,2.02839,1
t006.tif,cell_10,178.967,272.543,101.641,33.2192,31.2567,25.9623,0.0323302,-0.166804,0.995111,0
t006.tif,cell_11,223.62,191.546,119.727,31.9432,30.8693,26.7096,2.24242,-0.562744,0.676558,0
t006.tif,cell_00,387.841,228.543,70.2051,31.901,28.0055,24.1318,-0.0794632,-0.020233,-1.94536,0
t006.tif,cell_01,427.506,166.871,110.459,30.6329,27.7988,26.3172,2.58339,-1.10016,1.47296,0
t007.tif,cell_3,532.114,302.262,115.16,48.264,45.0036,39.195,0.190439,-0.165485,-0.628399,0
t007.tif,trash_1,160.906,341.026,36.11,18.203,12.7878,10.2671,-2.23066,1.35716,-2.95579,1
t007.tif,cell_10,164.952,277.885,109.021,37.4238,34.3232,31.0718,0.274086,-0.289304,1.58147,0
t007.tif,cell_11,228.063,171.403,121.863,36.7838,34.8513,30.9716,2.8113,-0.455481,0.949672,0
t007.tif,cell_00,382.797,248.509,62.481,35.3991,34.0678,24.5117,0.0924306,-0.166521,-1.05375,0
t007.tif,cell_01,437.306,158.235,104.487,36.8025,32.4156,29.2665,-2.0956,0.396891,2.01262,0
t007.tif,cell_20,397.477,339.549,145.724,26.946,22.962,11.2884,-0.190321,1.24665,-2.99723,0
t007.tif,cell_21,353.948,329.033,149.007,26.5322,21.836,10.9456,1.1765,1.11046,-1.8563,0
t008.tif,cell_3,539.246,285.571,109.628,47.9345,42.8249,38.9482,-0.114943,-0.111563,-0.800093,0
t008.tif,trash_1,160.657,342.95,36.0279,13.193,12.2963,9.49894,1.93042,1.50854,1.29642,1
t008.tif,cell_10,156.774,303.397,100.527,39.3657,35.3257,29.6668,-0.0866301,0.00986673,1.23601,0
t008.tif,cell_11,227.738,151.033,128.144,40.0872,37.8208,32.9704,-3.11784,-0.439185,-0.0261209,0
t008.tif,cell_00,383.285,252.584,59.6499,36.3875,35.9325,26.7302,0.0137424,0.0418204,-2.47413,0
t008.tif,cell_01,428.954,145.033,127.515,39.4098,35.0636,31.9141,-1.68368,0.172458,2.06228,0
t008.tif,cell_20,426.522,346.64,139.543,26.4282,21.649,12.3107,0.89887,1.23992,-1.88956,0
t008.tif,cell_21,354.314,334.957,147.366,24.4002,21.6114,11.8311,1.45388,1.23956,-1.49398,0
t009.tif,cell_3,527.632,275.876,115.874,49.3922,33.5886,22.3228,-1.22949,-0.0906113,0.0641609,0
t009.tif,trash_1,159.683,341.294,35.1153,19.1116,13.221,10.6176,2.31345,1.23769,1.4731,1
t009.tif,cell_10,159.159,309.115,86.983,41.0869,38.6548,31.7768,-0.12177,0.00811634,1.58816,0
t009.tif,cell_11,241.933,140.876,124.419,41.9385,39.2382,35.8294,-3.11508,-0.345588,-0.182156,0
t009.tif,cell_00,376.012,273.217,63.5363,40.2626,38.171,29.4629,0.0408821,0.0631265,-1.97492,0
t009.tif,cell_01,424.711,149.426,147.75,39.3101,37.6086,34.1848,-2.11806,-0.200086,2.36975,0
t009.tif,cell_20,434.01,352.626,133.329,27.9905,26.5549,22.5203,0.657292,0.880168,-2.17956,0
t009.tif,cell_21,346.342,344.008,149.397,29.8466,22.9388,19.5311,1.59476,1.09842,-1.51645,0
t010.tif,cell_3,533.437,286.739,107.154,35.8429,32.6284,15.5537,-1.07665,-0.683659,-0.535098,0
t010.tif,trash_1,159.683,341.294,35.1153,22.4115,14.38,12.4508,2.67046,0.973396,1.47631,1
t010.tif,cell_10,162.893,301.695,78.9404,41.7555,39.8841,32.2637,0.0696741,-0.235415,1.56554,0
t010.tif,cell_11,248.723,140.186,115.587,44.177,40.0224,36.0866,2.99048,-0.298848,-0.893494,0
t010.tif,cell_00,366.088,290.881,64.727,41.3862,39.5832,30.3561,-0.0440456,0.0315195,-1.96377,0
t010.tif,cell_01,415.408,150.966,153.763,41.3845,38.0462,35.7192,-2.3509,-0.0612677,1.92221,0
t010.tif,cell_20,438.636,359.596,133.082,32.9761,30.2729,23.6463,-0.951768,0.270341,-3.1294,0
t010.tif,cell_21,326.891,345.016,159.297,33.6218,29.5991,22.9284,-2.66317,1.07983,-0.0453917,0
t011.tif,trash_1,159.683,341.294,35.1153,22.5148,14.0262,12.5082,2.31818,1.10647,1.96989,1
t011.tif,cell_10,169.565,310.371,82.7055,44.9857,40.5408,32.5221,-0.016372,-0.249369,1.36284,0
t011.tif,cell_11,259.235,144.247,112.297,45.6356,42.4127,36.497,3.0802,0.0810141,-0.372251,0
t011.tif,cell_00,357.944,308.45,66.4028,42.4789,40.5641,31.1094,0.012128,0.0220585,-1.65944,0
t011.tif,cell_01,413.47,164.671,155.202,43.2131,37.7039,36.8855,2.80731,0.0128606,1.67701,0
t011.tif,cell_20,450.374,354.806,127.198,34.2523,31.9834,24.8286,-0.737561,0.289794,-3.0295,0
t011.tif,cell_21,309.428,344.818,165.584,34.507,31.4841,24.0748,-2.74386,0.923409,0.16632,0
t011.tif,cell_30,526.548,255.387,100.921,21.6685,20.5856,12.6442,-1.04986,-0.733707,-0.812166,0
t011.tif,cell_31,547.508,310.476,116.51,27.5752,20.0389,12.7073,-0.836251,-1.07932,-1.20793,0
t012.tif,trash_1,162.943,339.777,38.4109,28.7064,18.2961,15.948,-3.02764,1.2198,1.99226,1
t012.tif,cell_10,161.647,323.683,92.711,43.0976,42.7894,35.4721,0.149992,-0.0259468,0.658836,0
t012.tif,cell_11,247.071,142.56,112.269,46.5294,42.9078,36.9924,3.12837,-0.229749,-0.626392,0
t012.tif,cell_00,357.059,323.834,63.3133,45.2504,43.1728,31.2522,0.00370459,0.0377981,-1.49223,0
t012.tif,cell_01,426.315,162.175,152.546,44.2776,38.4886,36.442,2.80366,0.142687,1.60484,0
t012.tif,cell_20,463.146,350.949,124.873,36.021,35.0089,26.07,-0.484667,0.219158,-2.9646,0
t012.tif,cell_21,310.125,325.082,159.294,38.8544,33.3464,25.2785,-2.95734,0.909784,-0.148735,0
t012.tif,cell_30,518.742,240.871,96.4872,28.3572,26.0448,14.6039,-1.0368,-0.534401,-0.797335,0
t012.tif,cell_31,545.818,310.947,124.175,29.982,22.5001,14.3761,-0.763507,-0.935579,-1.31545,0
t013.tif,trash_1,162.943,339.777,38.4109,21.506,12.2948,11.9478,2.53727,1.10554,1.84519,1
t013.tif,cell_10,163.919,310.3,97.6407,44.0361,41.8457,35.7772,-0.0135093,-0.0940862,1.24279,0
t013.tif,cell_11,257.527,148.457,97.0555,45.3267,43.3769,36.6025,-3.05455,-0.0858043,-0.313939,0
t013.tif,cell_00,361.137,343.353,66.9602,46.2218,43.2692,32.2821,0.0264036,0.0507938,-1.82444,0
t013.tif,cell_01,439.533,159.409,145.553,44.2917,39.5353,36.1488,2.90402,-0.0252162,1.47597,0
t013.tif,cell_20,482.264,347.61,133.047,38.2419,34.8299,27.3736,0.429054,0.217251,3.10747,0
t013.tif,cell_21,304.345,310.257,157.278,40.1496,34.4575,26.5425,-3.07073,0.547853,0.52223,0
t013.tif,cell_30,516.566,239.612,85.4759,30.0935,24.8645,23.6368,-1.11759,0.067612,-0.934371,0
t013.tif,cell_31,550.898,310.546,132.666,26.55,26.0862,22.5447,-1.2619,0.355421,-0.664235,0
t014.tif,trash_1,159.421,342.231,35.6664,12.9531,12.5805,10.8152,-1.41813,0.870473,-2.28184,1
t014.tif,cell_10,163.73,308.225,101.312,45.1278,42.4299,35.6682,-0.00477123,-0.160166,1.32411,0
t014.tif,cell_11,265.33,142.628,94.7908,45.094,44.2307,36.663,2.85581,0.0850989,-0.311922,0
t014.tif,cell_00,363.516,352.375,72.6977,45.7889,42.3299,32.8653,0.139941,0.11128,-1.41574,0
t014.tif,cell_01,446.207,163.315,151.202,45.5544,40.7732,37.9478,2.82616,0.124841,1.31289,0
t014.tif,cell_20,478.457,351.598,135.438,37.3516,35.5191,28.7422,0.401939,0.057619,-3.11527,0
t014.tif,cell_21,304.975,301.145,160.408,37.9298,37.2799,27.8696,-2.87678,0.389016,0.637087,0
t014.tif,cell_30,514.367,246.151,80.8648,32.451,28.3642,25.5856,0.173209,0.0205574,-0.766935,0
t014.tif,cell_31,555.098,321.744,144.642,30.1798,28.9555,26.2873,-0.0730591,1.22063,1.1013,0
t015.tif,trash_1,160.121,340.799,35.2479,13.8667,13.3033,10.5479,1.13836,1.39591,0.478971,1
t015.tif,cell_10,159.635,305.322,104.598,45.4662,43.0192,35.8294,-0.109535,-0.0108244,1.29939,0
t015.tif,cell_11,271.74,139.956,87.2366,46.4577,44.7226,36.7659,3.0775,0.166251,0.445087,0
t015.tif,cell_00,352.119,357.894,72.411,46.6111,44.0068,32.8731,0.143036,0.0743623,-1.17218,0
t015.tif,cell_01,456.073,157.341,155.323,44.5455,42.9191,38.2957,2.82558,0.17359,1.33664,0
t015.tif,cell_20,480.767,351.548,135.181,39.1662,36.4285,28.9806,0.226885,-0.144013,-3.12183,0
t015.tif,cell_21,310.076,296.011,157.116,39.9159,36.4597,27.7937,3.08825,0.632371,0.785942,0
t015.tif,cell_30,506.914,248.576,70.8508,35.0809,30.9568,24.8836,-0.00257168,0.000440539,-0.732582,0
t015.tif,cell_31,577.435,316.352,142.422,32.4926,29.3949,27.6717,-3.12313,0.279569,-0.83023,0
t016.tif,trash_1,160.162,341.018,36.5388,14.4222,12.9093,10.7237,-0.727109,1.47757,-1.65509,1
t016.tif,cell_10,150.232,288.245,111.142,47.7984,44.4441,31.2508,0.167115,-0.0784615,2.73259,0
t016.tif,cell_11,283.472,142.809,86.1007,47.9308,44.0714,33.6088,-2.93551,-0.158383,-1.00566,0
t016.tif,cell_00,328.864,358.267,72.8686,47.2602,40.5577,33.05,0.167137,-0.138717,-1.05262,0
t016.tif,cell_01,461.763,154.384,152.613,45.7481,42.8978,35.7292,-2.61719,0.180041,2.52533,0
t016.tif,cell_20,477.062,350.96,141.123,39.2413,37.9738,29.1629,0.00255871,-0.198331,1.97407,0
t016.tif,cell_21,314.442,298.689,156.162,40.353,38.9959,28.2027,-2.95102,0.394675,1.73802,0
t016.tif,cell_30,498.982,252.997,66.3586,35.183,33.4264,26.9787,-0.151259,-0.00764248,-1.03474,0
t016.tif,cell_31,576.368,315.874,134.18,33.0804,32.052,29.1522,-3.05716,0.230265,-0.859019,0
t017.tif,trash_1,160.562,342.589,39.8442,15.6153,12.2397,10.0205,1.7642,1.42322,1.15881,1
t017.tif,cell_10,161.025,274.681,116.708,37.6646,35.9626,20.4082,0.512048,-0.0284299,2.98128,0
t017.tif,cell_11,300.465,159.948,95.5903,37.089,34.3073,19.3069,-2.68019,0.208958,-1.513,0
t017.tif,cell_00,319.048,357.68,81.451,37.4272,32.2007,17.8384,-0.840686,-0.285827,-1.1343,0
t017.tif,cell_01,451.456,172.033,146.707,37.7519,33.1666,15.4452,-2.19153,0.498428,2.52845,0
t017.tif,cell_20,474.707,353.755,133.406,40.6937,38.7811,28.3366,-0.0137078,-0.108922,2.18073,0
t017.tif,cell_21,319.65,294.59,158.113,41.6181,39.9207,28.3919,-2.67372,-0.118546,2.53764,0
t017.tif,cell_30,491.597,256.892,64.327,36.5121,35.8649,26.9315,-0.118405,0.242517,-1.33669,0
t017.tif,cell_31,570.566,323.861,132.3,34.3635,33.3378,28.4792,2.77584,0.157718,-0.289768,0
t018.tif,trash_1,160.562,342.589,39.8442,16.6772,13.6955,10.7128,-1.59534,1.17231,-2.35084,1
t018.tif,cell_20,472.595,361.853,135.893,41.3214,39.3907,28.9477,0.15402,-0.186831,2.43913,0
t018.tif,cell_21,323.125,284.849,159.573,43.8355,40.8504,27.9267,2.86204,-0.00324024,1.83926,0
t018.tif,cell_30,489.859,260.922,63.8711,37.078,35.6407,28.8116,-0.0743864,0.240462,-1.34021,0
t018.tif,cell_31,563.597,335.384,124.132,35.0858,32.1242,28.9635,2.92736,0.174512,-0.853973,0
t018.tif,cell_100,158.587,248.96,97.2844,29.3247,26.2607,17.7215,0.224532,-0.313173,-2.93545,0
t018.tif,cell_101,166.946,259.81,127.698,29.0709,25.65,21.9564,0.514603,-0.36359,2.85805,0
t018.tif,cell_110,294.341,167.801,98.0196,29.6427,25.3466,17.9549,-2.40496,-0.238934,-1.25027,0
t018.tif,cell_111,324.55,166.136,78.3304,27.1792,24.8387,15.6217,-2.34666,-0.199301,-1.33683,0
t018.tif,cell_010,445.75,163.024,137.927,30.07,26.6936,13.0958,-2.09017,0.891386,2.37344,0
t018.tif,cell_011,458.497,197.308,143.54,29.7013,24.6707,12.2171,2.62912,1.48483,0.722137,0
t018.tif,cell_000,301.765,365.839,96.3645,29.3406,22.3037,17.6154,-0.747398,-0.270454,-0.765894,0
t018.tif,cell_001,291.409,342.482,75.2284,28.6492,26.4424,15.3382,-0.737368,-0.16229,-0.560965,0
t019.tif,trash_1,160.444,342.2,36.2048,12.3009,11.9198,11.348,-0.4153,0.924787,-1.31172,1
t019.tif,cell_20,475.199,367.067,121.085,41.9999,40.2472,29.1718,-0.0259249,0.0212222,-2.80324,0
t019.tif,cell_21,332.948,297.186,155.676,42.8756,41.7882,27.685,2.94354,-0.189141,1.35314,0
t019.tif,cell_30,500.987,236.383,62.8242,37.7166,36.9758,28.302,-0.0498501,-0.0557819,-1.33017,0
t019.tif,cell_31,567.536,327.389,114.943,35.4585,33.05,28.6827,2.87971,0.148536,-0.673227,0
t019.tif,cell_100,149.11,244.385,96.3662,28.7707,24.196,19.3647,0.718188,-0.568237,-2.93931,0
t019.tif,cell_101,167.006,285.714,140.723,27.8231,24.2304,21.5921,0.607403,-0.792226,-2.86664,0
t019.tif,cell_110,281.838,152.605,117.242,27.5451,25.3957,17.8981,-2.25594,0.395144,-1.70074,0
t019.tif,cell_111,331.872,154.81,79.8677,26.2915,23.7784,18.8382,-2.4033,0.461553,-2.36382,0
t019.tif,cell_010,438.357,159.459,147.948,28.8313,23.4017,14.1801,-1.59257,1.47677,2.76792,0
t019.tif,cell_011,465.568,222.542,145.322,28.182,23.4692,12.4938,2.35629,1.40064,0.386709,0
t019.tif,cell_000,316.504,366.086,94.2514,25.5781,22.11,17.5615,-1.22486,-0.258918,-0.875553,0
t019.tif,cell_001,278.69,322.472,65.9728,26.0062,23.2194,14.4029,-0.980082,-0.0764982,-0.672207,0
